Model,MAE,RMSE,MAPE
ARIMA,,,
LSTM,18.445105475348395,23.487507131462543,5.19080032171042
