Model,MAE,RMSE,MAPE
ARIMA,69.4989569233191,82.93461282588196,22.557915255182202
LSTM,20.302611362059604,25.355573312454634,5.614788217337033
