,Total Return,Annualized Return,Annualized Volatility,Sharpe Ratio,Max Drawdown
Portfolio,0.2159339669955176,0.2083904527269389,0.27845381609293995,0.6047338660668057,-0.2603301092966428
Benchmark (60/40),0.15071263434408855,0.14558229002772194,0.11818183397955138,0.8933884885048449,-0.11288785026421595
